side,entry_time,exit_time,entry,sl,tp,exit,reason,tp_source
short,2025-07-26 23:05:00+00:00,2025-07-26 23:30:00+00:00,117960.04,118415.64735,117892.79,117892.79,tp,ssl
long,2025-07-28 05:50:00+00:00,2025-07-28 07:05:00+00:00,119679.36,119009.33154,119800.0,119009.33154,sl,bsl
short,2025-07-28 19:25:00+00:00,2025-07-29 03:40:00+00:00,118092.85,118494.98660999999,117427.5,118494.98660999999,sl,ssl
short,2025-07-29 20:25:00+00:00,2025-07-29 20:40:00+00:00,117561.58,118117.99999999999,117105.26,117105.26,tp,ssl
long,2025-07-30 08:25:00+00:00,2025-07-30 08:40:00+00:00,118160.0,117549.66267,118263.76,118263.76,tp,bsl
short,2025-07-30 11:10:00+00:00,2025-07-30 11:15:00+00:00,118081.68,118600.29180999998,117928.13,117928.13,tp,ssl
short,2025-07-31 16:05:00+00:00,2025-07-31 16:35:00+00:00,118246.59,118820.80209999999,118127.49,118820.80209999999,sl,ssl
short,2025-08-01 06:20:00+00:00,2025-08-01 06:25:00+00:00,115385.69,116032.34642999998,115266.64,115266.64,tp,ssl
long,2025-08-02 08:15:00+00:00,2025-08-02 08:20:00+00:00,113994.27,113355.96057,114021.0,114021.0,tp,bsl
long,2025-08-02 20:50:00+00:00,2025-08-02 21:45:00+00:00,112547.11,111890.997,112945.62,112945.62,tp,bsl
short,2025-08-04 19:20:00+00:00,2025-08-04 19:25:00+00:00,114940.01,115835.71999999999,114887.09,114887.09,tp,ssl
long,2025-08-04 22:50:00+00:00,2025-08-05 03:05:00+00:00,115293.74,114501.71367,115720.0,114501.71367,sl,bsl
long,2025-08-07 14:35:00+00:00,2025-08-07 15:40:00+00:00,116630.23,115919.80416,116696.42,116696.42,tp,bsl
long,2025-08-07 16:20:00+00:00,2025-08-07 16:45:00+00:00,116709.06,116088.11568,116791.11,116088.11568,sl,bsl
short,2025-08-08 09:20:00+00:00,2025-08-08 10:40:00+00:00,116505.52,117090.27329999999,116449.51,116449.51,tp,ssl
long,2025-08-10 18:50:00+00:00,2025-08-10 19:40:00+00:00,118581.49,118189.71198000001,118693.02,118693.02,tp,bsl
long,2025-08-12 17:45:00+00:00,2025-08-12 18:15:00+00:00,119471.98,118513.05831000001,119857.04,119857.04,tp,bsl
short,2025-08-13 07:35:00+00:00,2025-08-13 08:40:00+00:00,119315.17,119940.00017999997,119135.37,119940.00017999997,sl,ssl
long,2025-08-13 13:45:00+00:00,2025-08-14 00:15:00+00:00,121056.21,119652.10812,123864.41376000001,123864.41376000001,tp,rr
long,2025-08-15 12:05:00+00:00,2025-08-15 12:10:00+00:00,119072.18,118753.128,119096.0,119096.0,tp,bsl
short,2025-08-15 19:20:00+00:00,2025-08-15 19:40:00+00:00,117148.11,118000.23234999999,117008.0,117008.0,tp,ssl
long,2025-08-16 13:50:00+00:00,2025-08-16 15:00:00+00:00,117683.15,117210.30237,117789.33,117789.33,tp,bsl
short,2025-08-18 07:45:00+00:00,2025-08-18 07:50:00+00:00,115348.24,115828.20249,115188.62,115188.62,tp,ssl
short,2025-08-21 01:10:00+00:00,2025-08-21 01:15:00+00:00,114196.0,114729.99538,114010.87,114010.87,tp,ssl
long,2025-08-21 14:50:00+00:00,2025-08-21 15:10:00+00:00,113389.02,112837.05,113995.11,112837.05,sl,bsl
long,2025-08-22 19:00:00+00:00,2025-08-22 21:45:00+00:00,116892.78,115999.884,117137.46,117137.46,tp,bsl
long,2025-08-23 06:55:00+00:00,2025-08-23 11:50:00+00:00,115781.16,115342.7418,116034.53,115342.7418,sl,bsl
short,2025-08-24 09:50:00+00:00,2025-08-24 10:30:00+00:00,114901.01,115239.98485999998,114668.0,114668.0,tp,ssl
short,2025-08-24 15:35:00+00:00,2025-08-24 15:45:00+00:00,114604.37,114984.27940999999,114571.28,114571.28,tp,ssl
short,2025-08-24 17:15:00+00:00,2025-08-24 19:30:00+00:00,114321.01,114980.18531999999,114236.0,114236.0,tp,ssl
short,2025-08-26 14:10:00+00:00,2025-08-26 18:40:00+00:00,109895.92,110929.41859999999,109393.93,110929.41859999999,sl,ssl
long,2025-08-28 03:05:00+00:00,2025-08-28 04:35:00+00:00,111767.99,110751.55758,112452.05,112452.05,tp,bsl
short,2025-08-29 19:30:00+00:00,2025-08-29 20:05:00+00:00,108476.95,108940.832,107934.24,107934.24,tp,ssl
short,2025-08-29 23:05:00+00:00,2025-08-30 00:35:00+00:00,108373.94,108852.74399999999,108207.8,108207.8,tp,ssl
short,2025-08-31 12:50:00+00:00,2025-08-31 12:55:00+00:00,108322.85,108737.25863,108310.43,108310.43,tp,ssl
short,2025-08-31 13:50:00+00:00,2025-08-31 15:00:00+00:00,108316.0,108594.61613,108214.14,108594.61613,sl,ssl
short,2025-09-02 08:05:00+00:00,2025-09-02 11:20:00+00:00,110138.56,110721.11049999998,110000.0,110000.0,tp,ssl
short,2025-09-07 19:45:00+00:00,2025-09-07 22:00:00+00:00,111197.51,111523.41199999998,111049.05,111049.05,tp,ssl
short,2025-09-08 22:15:00+00:00,2025-09-09 00:20:00+00:00,112392.53,112628.10558999998,111896.0,111896.0,tp,ssl
short,2025-09-09 08:35:00+00:00,2025-09-09 08:50:00+00:00,113071.51,113406.58328999998,112900.0,112900.0,tp,ssl
long,2025-09-11 03:10:00+00:00,2025-09-11 03:15:00+00:00,113944.7,113556.15018000001,113953.99,113953.99,tp,bsl
short,2025-09-11 11:05:00+00:00,2025-09-11 11:30:00+00:00,113999.1,114314.19999999998,113891.45,113891.45,tp,ssl
long,2025-09-11 16:00:00+00:00,2025-09-11 22:20:00+00:00,114343.94,113316.57,114699.25,114699.25,tp,bsl
short,2025-09-13 07:35:00+00:00,2025-09-13 08:35:00+00:00,115822.99,115961.30545999999,115675.91,115961.30545999999,sl,ssl
short,2025-09-13 14:55:00+00:00,2025-09-13 16:15:00+00:00,115797.68,116176.05999999998,115603.98,115603.98,tp,ssl
long,2025-09-14 00:55:00+00:00,2025-09-14 02:05:00+00:00,115935.6,115694.0901,116000.0,116000.0,tp,bsl
long,2025-09-14 07:05:00+00:00,2025-09-14 08:35:00+00:00,115744.99,115334.14040999999,115936.0,115936.0,tp,bsl
long,2025-09-15 11:30:00+00:00,2025-09-15 11:35:00+00:00,115051.73,114605.96931,115076.04,115076.04,tp,bsl
short,2025-09-15 17:20:00+00:00,2025-09-15 18:00:00+00:00,114695.98,115214.09899999999,114600.0,115214.09899999999,sl,ssl
long,2025-09-15 19:35:00+00:00,2025-09-15 19:40:00+00:00,115465.65,114485.4,115522.9,115522.9,tp,bsl
short,2025-09-16 01:35:00+00:00,2025-09-16 04:15:00+00:00,115166.0,115591.47599999998,114945.01,114945.01,tp,ssl
short,2025-09-16 08:55:00+00:00,2025-09-16 09:40:00+00:00,115658.76,116002.05616999998,115526.5,115526.5,tp,ssl
long,2025-09-18 02:35:00+00:00,2025-09-18 02:50:00+00:00,116578.4,115976.66724,116708.11,116708.11,tp,bsl
long,2025-09-18 08:50:00+00:00,2025-09-18 13:15:00+00:00,117249.51,116771.13198,117413.04,117413.04,tp,bsl
short,2025-09-22 00:10:00+00:00,2025-09-22 00:15:00+00:00,115275.66,115660.97542999998,115188.0,115188.0,tp,ssl
short,2025-09-22 01:00:00+00:00,2025-09-22 06:00:00+00:00,114488.8,115660.97542999998,112144.44914000006,112144.44914000006,tp,rr
short,2025-09-22 23:50:00+00:00,2025-09-23 00:00:00+00:00,112628.08,113082.96999999999,112592.43,112592.43,tp,ssl
short,2025-09-24 19:10:00+00:00,2025-09-24 19:25:00+00:00,113602.08,114053.93999999999,113512.53,113512.53,tp,ssl
long,2025-09-25 10:15:00+00:00,2025-09-25 11:55:00+00:00,111745.83,111338.96958,112246.46,111338.96958,sl,bsl
short,2025-09-28 10:25:00+00:00,2025-09-28 10:30:00+00:00,109441.7,109694.97538999999,109413.2,109413.2,tp,ssl
long,2025-09-29 05:50:00+00:00,2025-09-29 08:00:00+00:00,111725.11,111476.48193000001,111904.34,111904.34,tp,bsl
long,2025-09-30 03:35:00+00:00,2025-09-30 05:25:00+00:00,114334.92,113926.30965000001,114583.19,113926.30965000001,sl,bsl
long,2025-10-01 06:40:00+00:00,2025-10-01 08:15:00+00:00,114512.88,113982.48342,114624.3,114624.3,tp,bsl
short,2025-10-01 18:40:00+00:00,2025-10-01 23:15:00+00:00,117074.76,118317.199,116871.04,118317.199,sl,ssl
short,2025-10-04 08:15:00+00:00,2025-10-04 08:40:00+00:00,122442.4,122729.46685999999,122259.98,122259.98,tp,ssl
long,2025-10-05 01:30:00+00:00,2025-10-05 01:35:00+00:00,122278.11,122017.84001999999,122306.53,122306.53,tp,bsl
long,2025-10-05 18:45:00+00:00,2025-10-05 22:20:00+00:00,123020.63,122179.32837,123220.3,123220.3,tp,bsl
long,2025-10-06 04:45:00+00:00,2025-10-06 06:35:00+00:00,123760.85,122960.916,123988.0,123988.0,tp,bsl
short,2025-10-08 00:55:00+00:00,2025-10-08 03:45:00+00:00,121914.09,122414.91261999999,121276.0,121276.0,tp,ssl
short,2025-10-08 16:30:00+00:00,2025-10-08 17:10:00+00:00,122656.0,123473.34999999999,121954.34,123473.34999999999,sl,ssl
short,2025-10-08 19:40:00+00:00,2025-10-08 20:55:00+00:00,123432.01,124321.44724999998,123160.82,123160.82,tp,ssl
short,2025-10-09 05:35:00+00:00,2025-10-09 08:20:00+00:00,121950.15,122386.26399999998,121475.98,121475.98,tp,ssl
short,2025-10-13 06:40:00+00:00,2025-10-13 11:05:00+00:00,115002.72,115729.31369999998,114417.77,114417.77,tp,ssl
long,2025-10-13 17:35:00+00:00,2025-10-13 17:55:00+00:00,114586.01,113994.05184,114985.56,114985.56,tp,bsl
short,2025-10-14 14:30:00+00:00,2025-10-14 15:40:00+00:00,111495.59,112252.13999999998,109866.0,112252.13999999998,sl,ssl
long,2025-10-14 17:05:00+00:00,2025-10-14 17:15:00+00:00,112526.84,110951.08785,112875.19,112875.19,tp,bsl
long,2025-10-17 19:40:00+00:00,2025-10-17 20:20:00+00:00,106453.39,105965.34858,106889.11,106889.11,tp,bsl
long,2025-10-18 03:00:00+00:00,2025-10-18 03:35:00+00:00,106679.44,106215.8778,107104.9,107104.9,tp,bsl
long,2025-10-19 05:55:00+00:00,2025-10-19 06:35:00+00:00,106888.59,106695.51768,107054.26,106695.51768,sl,bsl
short,2025-10-20 23:40:00+00:00,2025-10-20 23:50:00+00:00,110570.38,110978.25738999998,110535.97,110535.97,tp,ssl
long,2025-10-22 16:05:00+00:00,2025-10-22 21:00:00+00:00,108566.15,107392.5,109163.88,107392.5,sl,bsl
short,2025-10-22 21:00:00+00:00,2025-10-22 21:10:00+00:00,107304.51,108905.21641999998,106708.18,106708.18,tp,ssl
long,2025-10-23 20:30:00+00:00,2025-10-23 20:55:00+00:00,110044.81,109537.69266,110538.0,109537.69266,sl,bsl
long,2025-10-24 00:10:00+00:00,2025-10-24 00:50:00+00:00,110219.75,109729.161,110538.0,110538.0,tp,bsl
short,2025-10-24 12:15:00+00:00,2025-10-24 12:30:00+00:00,110923.2,111594.47299,110600.0,111594.47299,sl,ssl
short,2025-10-24 15:30:00+00:00,2025-10-24 16:00:00+00:00,110352.67,112217.08497999999,109862.5,109862.5,tp,ssl
short,2025-10-24 23:35:00+00:00,2025-10-25 00:10:00+00:00,110953.99,111249.75861999998,110882.05,110882.05,tp,ssl
short,2025-10-26 17:20:00+00:00,2025-10-26 17:55:00+00:00,113642.4,113999.15526999999,113460.06,113460.06,tp,ssl
short,2025-10-27 15:35:00+00:00,2025-10-27 16:40:00+00:00,115038.77,115531.40599,114703.68,115531.40599,sl,ssl
long,2025-10-27 16:40:00+00:00,2025-10-27 16:50:00+00:00,115443.94,114389.48601000001,115550.02,115550.02,tp,bsl
long,2025-10-28 16:05:00+00:00,2025-10-28 16:50:00+00:00,114746.59,114023.92194,115425.84,115425.84,tp,bsl
long,2025-10-29 11:30:00+00:00,2025-10-29 13:15:00+00:00,113238.45,112655.86137,113450.0,113450.0,tp,bsl
long,2025-10-31 07:55:00+00:00,2025-10-31 08:25:00+00:00,109449.31,108456.69473999999,109807.9,109807.9,tp,bsl
long,2025-10-31 14:35:00+00:00,2025-10-31 14:50:00+00:00,110031.99,109352.06847,110575.74,110575.74,tp,bsl
short,2025-11-02 18:35:00+00:00,2025-11-02 19:15:00+00:00,110187.1,110677.42685999999,110174.33,110174.33,tp,ssl
short,2025-11-03 23:45:00+00:00,2025-11-04 00:20:00+00:00,106520.34,107201.36426999999,106030.14,106030.14,tp,ssl
short,2025-11-05 02:10:00+00:00,2025-11-05 02:45:00+00:00,101105.8,101854.71295999999,98966.8,101854.71295999999,sl,ssl
long,2025-11-05 07:40:00+00:00,2025-11-05 07:55:00+00:00,101944.58,101398.5,102140.0,102140.0,tp,bsl
long,2025-11-05 09:55:00+00:00,2025-11-05 12:20:00+00:00,101995.29,101075.29353,102203.48,102203.48,tp,bsl
long,2025-11-06 00:10:00+00:00,2025-11-06 01:05:00+00:00,103765.27,103201.74495000001,104100.0,103201.74495000001,sl,bsl
short,2025-11-06 07:45:00+00:00,2025-11-06 09:00:00+00:00,103071.01,103695.06146999999,102910.66,102910.66,tp,ssl
short,2025-11-06 15:25:00+00:00,2025-11-06 15:40:00+00:00,102438.02,103730.08645999999,101900.0,101900.0,tp,ssl
long,2025-11-07 17:10:00+00:00,2025-11-07 17:20:00+00:00,101631.76,100320.16941,102050.0,102050.0,tp,bsl
long,2025-11-09 07:00:00+00:00,2025-11-09 08:15:00+00:00,101791.99,101298.6,101980.0,101980.0,tp,bsl
long,2025-11-09 09:20:00+00:00,2025-11-09 10:00:00+00:00,102113.27,101580.06825,102130.61,101580.06825,sl,bsl
long,2025-11-10 04:45:00+00:00,2025-11-10 05:00:00+00:00,106027.36,105451.12332,106300.01,106300.01,tp,bsl
long,2025-11-10 09:00:00+00:00,2025-11-10 09:15:00+00:00,105996.0,105857.3367,106554.0,105857.3367,sl,bsl
short,2025-11-10 18:05:00+00:00,2025-11-11 01:15:00+00:00,105825.87,106696.47988999999,104784.36,106696.47988999999,sl,ssl
long,2025-11-11 10:05:00+00:00,2025-11-11 11:40:00+00:00,105139.61,104636.4588,105485.71,105485.71,tp,bsl
long,2025-11-11 23:45:00+00:00,2025-11-12 00:00:00+00:00,103018.72,102373.61391,103209.13,103209.13,tp,bsl
short,2025-11-13 12:05:00+00:00,2025-11-13 13:25:00+00:00,102886.63,103393.17988999998,102711.53,102711.53,tp,ssl
long,2025-11-14 18:05:00+00:00,2025-11-14 20:40:00+00:00,95977.11,94476.5289,97128.45,94476.5289,sl,bsl
short,2025-11-15 18:50:00+00:00,2025-11-15 19:30:00+00:00,96005.36,96522.27584999999,95960.34,95960.34,tp,ssl
short,2025-11-18 22:45:00+00:00,2025-11-19 00:15:00+00:00,93123.29,93705.612,92462.72,92462.72,tp,ssl
short,2025-11-20 12:25:00+00:00,2025-11-20 13:30:00+00:00,91733.65,92154.89283,91485.4,92154.89283,sl,ssl
long,2025-11-20 21:00:00+00:00,2025-11-20 21:05:00+00:00,86677.42,86013.9,86738.27,86738.27,tp,bsl
short,2025-11-22 01:40:00+00:00,2025-11-22 02:30:00+00:00,84900.01,85705.62,84571.13,84571.13,tp,ssl
short,2025-11-28 12:35:00+00:00,2025-11-28 12:45:00+00:00,91536.14,92122.02999999998,91412.49,91412.49,tp,ssl
short,2025-11-28 23:45:00+00:00,2025-11-29 02:30:00+00:00,90918.3,91338.40715999999,90705.57,90705.57,tp,ssl
long,2025-11-29 09:45:00+00:00,2025-11-29 11:50:00+00:00,90604.81,90284.63498999999,90665.37,90665.37,tp,bsl
long,2025-11-29 20:15:00+00:00,2025-11-29 20:45:00+00:00,90554.29,90065.31453,90850.83,90850.83,tp,bsl
long,2025-11-30 02:30:00+00:00,2025-11-30 03:05:00+00:00,90993.92,90720.6885,91032.18,90720.6885,sl,bsl
long,2025-12-01 14:35:00+00:00,2025-12-01 15:30:00+00:00,86410.0,84671.244,86699.99,84671.244,sl,bsl
long,2025-12-02 06:40:00+00:00,2025-12-02 08:10:00+00:00,87148.81,86731.32186,87288.48,86731.32186,sl,bsl
short,2025-12-02 09:15:00+00:00,2025-12-02 10:45:00+00:00,86596.72,87266.39921999999,86296.21,87266.39921999999,sl,ssl
long,2025-12-04 01:00:00+00:00,2025-12-04 01:10:00+00:00,93231.01,91605.303,93656.24,93656.24,tp,bsl
long,2025-12-04 10:55:00+00:00,2025-12-04 11:30:00+00:00,93260.0,92951.36559,93391.74,92951.36559,sl,bsl
short,2025-12-05 07:30:00+00:00,2025-12-05 08:40:00+00:00,92406.0,92785.05235999999,91936.58,91936.58,tp,ssl
long,2025-12-06 13:25:00+00:00,2025-12-06 13:35:00+00:00,89688.18,89372.538,89750.01,89750.01,tp,bsl
short,2025-12-06 18:05:00+00:00,2025-12-06 18:45:00+00:00,89652.12,90071.18119999999,89615.38,89615.38,tp,ssl
short,2025-12-08 13:15:00+00:00,2025-12-08 13:20:00+00:00,91659.15,92314.222,91603.31,91603.31,tp,ssl
long,2025-12-10 03:25:00+00:00,2025-12-10 04:15:00+00:00,92409.87,91884.024,92553.23,92553.23,tp,bsl
long,2025-12-10 07:55:00+00:00,2025-12-10 08:00:00+00:00,92782.91,92303.84376,92786.35,92786.35,tp,bsl
short,2025-12-10 15:30:00+00:00,2025-12-10 15:35:00+00:00,91743.69,92318.226,91600.81,91600.81,tp,ssl
long,2025-12-11 10:10:00+00:00,2025-12-11 13:30:00+00:00,90346.24,89881.13889,90504.19,89881.13889,sl,bsl
short,2025-12-11 17:30:00+00:00,2025-12-11 18:40:00+00:00,90038.98,90743.98332999999,89615.38,90743.98332999999,sl,ssl
long,2025-12-13 05:55:00+00:00,2025-12-13 08:15:00+00:00,90342.91,90115.31448,90410.5,90410.5,tp,bsl
short,2025-12-13 14:05:00+00:00,2025-12-13 14:20:00+00:00,90229.89,90560.77029999999,90194.34,90194.34,tp,ssl
short,2025-12-14 08:05:00+00:00,2025-12-14 09:20:00+00:00,90239.42,90335.58533999999,90072.97,90072.97,tp,ssl
long,2025-12-16 09:30:00+00:00,2025-12-16 09:45:00+00:00,86307.35,85764.15,86418.23,86418.23,tp,bsl
long,2025-12-16 21:10:00+00:00,2025-12-16 21:35:00+00:00,87649.85,86974.16876999999,87836.47,87836.47,tp,bsl
long,2025-12-16 23:15:00+00:00,2025-12-17 01:15:00+00:00,87782.5,87256.40625,87931.48,87931.48,tp,bsl
short,2025-12-17 10:50:00+00:00,2025-12-17 13:05:00+00:00,86597.82,87256.53936999998,86489.63,87256.53936999998,sl,ssl
long,2025-12-18 08:15:00+00:00,2025-12-18 08:20:00+00:00,86840.0,86298.22539,86958.95,86958.95,tp,bsl
short,2025-12-19 21:40:00+00:00,2025-12-19 21:45:00+00:00,87908.2,88971.43255,87893.61,87893.61,tp,ssl
short,2025-12-20 15:15:00+00:00,2025-12-20 21:20:00+00:00,88025.96,88432.07372999999,88012.0,88432.07372999999,sl,ssl
long,2025-12-20 22:00:00+00:00,2025-12-21 01:35:00+00:00,88240.05,88112.93886,88443.44,88112.93886,sl,bsl
short,2025-12-21 11:50:00+00:00,2025-12-21 12:40:00+00:00,88592.01,89170.85177,88590.36,88590.36,tp,ssl
long,2025-12-21 15:30:00+00:00,2025-12-21 15:35:00+00:00,87982.16,87512.43995999999,88081.69,88081.69,tp,bsl
short,2025-12-23 02:00:00+00:00,2025-12-23 02:45:00+00:00,88404.93,89028.93999999999,88150.0,88150.0,tp,ssl
long,2025-12-23 11:05:00+00:00,2025-12-23 11:15:00+00:00,87693.86,87210.39231,87840.0,87840.0,tp,bsl
long,2025-12-23 18:25:00+00:00,2025-12-23 20:45:00+00:00,87829.5,86515.2981,88275.4,88275.4,tp,bsl
long,2025-12-24 05:20:00+00:00,2025-12-24 08:55:00+00:00,87191.16,86777.01612,87338.05,86777.01612,sl,bsl
long,2025-12-25 06:15:00+00:00,2025-12-25 06:35:00+00:00,87738.75,87476.30613,87787.92,87787.92,tp,bsl
long,2025-12-26 22:55:00+00:00,2025-12-27 07:20:00+00:00,87550.0,87158.754,87592.67,87592.67,tp,bsl
long,2025-12-27 11:10:00+00:00,2025-12-27 13:30:00+00:00,87532.88,87330.51207,87627.67,87330.51207,sl,bsl
long,2025-12-27 16:30:00+00:00,2025-12-27 19:05:00+00:00,87519.01,87220.74195,87589.99,87589.99,tp,bsl
short,2025-12-28 03:10:00+00:00,2025-12-28 03:25:00+00:00,87781.01,88033.33539,87755.8,87755.8,tp,ssl
short,2025-12-28 13:10:00+00:00,2025-12-28 16:20:00+00:00,87860.45,88098.01,87794.86,87794.86,tp,ssl
short,2025-12-30 02:00:00+00:00,2025-12-30 02:10:00+00:00,87210.01,87491.69428999998,87117.87,87117.87,tp,ssl
long,2026-01-01 05:30:00+00:00,2026-01-01 09:15:00+00:00,87729.59,87545.10726,87952.71,87952.71,tp,bsl
short,2026-01-05 23:55:00+00:00,2026-01-06 00:05:00+00:00,93859.71,94500.40599999999,93800.0,93800.0,tp,ssl
short,2026-01-07 21:35:00+00:00,2026-01-08 01:25:00+00:00,91081.6,91532.79135,90778.32,91532.79135,sl,ssl
short,2026-01-09 06:25:00+00:00,2026-01-09 07:30:00+00:00,90989.29,91363.00172999999,90918.91,90918.91,tp,ssl
long,2026-01-09 18:35:00+00:00,2026-01-10 18:35:00+00:00,90706.68,89760.15,91507.82,90575.27,time,bsl
long,2026-01-11 17:50:00+00:00,2026-01-11 20:00:00+00:00,91014.32,90617.54175,91062.92,90617.54175,sl,bsl
long,2026-01-12 00:55:00+00:00,2026-01-12 01:00:00+00:00,91258.65,90145.764,91283.89,91283.89,tp,bsl
short,2026-01-12 11:35:00+00:00,2026-01-12 14:20:00+00:00,90627.43,91033.79285,90370.0,90370.0,tp,ssl
short,2026-01-14 23:20:00+00:00,2026-01-15 00:20:00+00:00,97144.01,97815.43771999999,96772.02,96772.02,tp,ssl
short,2026-01-18 12:05:00+00:00,2026-01-18 13:05:00+00:00,95130.0,95390.68538999998,95061.65,95061.65,tp,ssl
short,2026-01-19 14:35:00+00:00,2026-01-19 16:55:00+00:00,92763.39,93410.60728999999,92592.07,93410.60728999999,sl,ssl
short,2026-01-20 03:05:00+00:00,2026-01-20 03:25:00+00:00,92426.68,92960.14727999999,92370.68,92370.68,tp,ssl
long,2026-01-20 10:50:00+00:00,2026-01-20 11:00:00+00:00,91260.39,90808.101,91294.11,91294.11,tp,bsl
short,2026-01-21 22:35:00+00:00,2026-01-21 23:45:00+00:00,89921.85,90664.574,89392.0,89392.0,tp,ssl
long,2026-01-22 11:30:00+00:00,2026-01-22 13:25:00+00:00,90013.52,89670.24,90150.0,90150.0,tp,bsl
long,2026-01-23 21:20:00+00:00,2026-01-23 22:10:00+00:00,89659.35,88489.78164,89691.18,89691.18,tp,bsl
short,2026-01-24 17:30:00+00:00,2026-01-24 23:55:00+00:00,89356.27,89601.56205,89252.93,89252.93,tp,ssl
long,2026-01-26 21:25:00+00:00,2026-01-26 21:30:00+00:00,87939.8,86948.47449,88013.2,88013.2,tp,bsl
long,2026-01-28 00:20:00+00:00,2026-01-28 04:10:00+00:00,89316.9,88919.74125,89515.78,88919.74125,sl,bsl
long,2026-01-28 09:05:00+00:00,2026-01-28 09:30:00+00:00,88994.66,88760.151,89112.0,89112.0,tp,bsl
short,2026-01-28 22:10:00+00:00,2026-01-29 00:15:00+00:00,89292.61,89985.896,89068.13,89068.13,tp,ssl
long,2026-01-29 21:00:00+00:00,2026-01-29 21:05:00+00:00,84333.63,83299.94667,84398.36,84398.36,tp,bsl
long,2026-01-31 00:35:00+00:00,2026-01-31 02:25:00+00:00,84238.26,83849.88618,84298.96,83849.88618,sl,bsl
short,2026-02-01 06:25:00+00:00,2026-02-01 06:35:00+00:00,78710.47,79198.4193,78527.13,78527.13,tp,ssl
short,2026-02-01 15:00:00+00:00,2026-02-01 15:15:00+00:00,77934.4,78847.44867999999,77236.68,77236.68,tp,ssl
short,2026-02-03 10:30:00+00:00,2026-02-03 14:35:00+00:00,78178.22,79163.37428999998,77950.0,77950.0,tp,ssl
short,2026-02-04 09:00:00+00:00,2026-02-04 09:35:00+00:00,76466.29,76856.77999999998,76068.69,76068.69,tp,ssl
long,2026-02-04 20:35:00+00:00,2026-02-04 22:05:00+00:00,73670.51,72096.831,73843.12,72096.831,sl,bsl
long,2026-02-06 07:20:00+00:00,2026-02-06 13:00:00+00:00,65066.64,63706.399829999995,66826.5,66826.5,tp,bsl
short,2026-02-08 15:45:00+00:00,2026-02-08 16:40:00+00:00,70966.9,71626.50494999999,70786.18,70786.18,tp,ssl
short,2026-02-08 16:40:00+00:00,2026-02-08 16:45:00+00:00,70784.36,71537.39592999998,70707.39,70707.39,tp,ssl
long,2026-02-09 06:50:00+00:00,2026-02-09 08:30:00+00:00,70664.72,69998.11181999999,71060.0,69998.11181999999,sl,bsl
short,2026-02-10 04:40:00+00:00,2026-02-10 05:20:00+00:00,69696.9,70598.11759,69611.94,69611.94,tp,ssl
short,2026-02-11 17:40:00+00:00,2026-02-12 16:50:00+00:00,66607.22,68903.17433999998,65876.0,65876.0,tp,ssl
long,2026-02-14 22:25:00+00:00,2026-02-14 22:45:00+00:00,69940.72,69549.90048000001,70038.2,70038.2,tp,bsl
long,2026-02-15 09:00:00+00:00,2026-02-15 12:15:00+00:00,70493.99,70113.90591,70983.0,70113.90591,sl,bsl
long,2026-02-19 00:05:00+00:00,2026-02-19 01:05:00+00:00,66550.84,66165.78798000001,66619.0,66619.0,tp,bsl
long,2026-02-20 21:25:00+00:00,2026-02-20 21:35:00+00:00,67746.05,66885.15789,67806.25,67806.25,tp,bsl
long,2026-02-21 00:50:00+00:00,2026-02-21 02:20:00+00:00,67870.45,67571.67069,68051.16,68051.16,tp,bsl
short,2026-02-22 04:35:00+00:00,2026-02-22 04:40:00+00:00,67993.67,68290.38216,67973.41,67973.41,tp,ssl
short,2026-02-23 15:00:00+00:00,2026-02-23 16:00:00+00:00,65753.57,66496.95052,65529.73,65529.73,tp,ssl
long,2026-02-26 05:20:00+00:00,2026-02-26 07:45:00+00:00,68350.99,67976.13582,68860.0,67976.13582,sl,bsl
short,2026-02-26 13:05:00+00:00,2026-02-26 13:10:00+00:00,68122.24,68791.36263999999,68009.88,68009.88,tp,ssl
long,2026-02-26 23:10:00+00:00,2026-02-26 23:35:00+00:00,67519.48,67082.98986,67630.22,67630.22,tp,bsl
long,2026-02-27 16:20:00+00:00,2026-02-27 16:45:00+00:00,66044.85,65583.69066,66311.11,65583.69066,sl,bsl
short,2026-02-27 18:05:00+00:00,2026-02-27 22:30:00+00:00,65538.68,66377.42111,65113.72,65113.72,tp,ssl
long,2026-03-02 05:10:00+00:00,2026-03-02 05:40:00+00:00,66710.4,65824.6095,66900.0,66900.0,tp,bsl
short,2026-03-02 09:25:00+00:00,2026-03-02 13:40:00+00:00,66395.85,67062.63564,65654.54,65654.54,tp,ssl
long,2026-03-04 07:20:00+00:00,2026-03-04 07:25:00+00:00,68519.21,67400.1324,68678.76,68678.76,tp,bsl
short,2026-03-05 05:15:00+00:00,2026-03-05 05:20:00+00:00,72702.01,73380.12682,72536.58,72536.58,tp,ssl
long,2026-03-05 19:45:00+00:00,2026-03-05 21:15:00+00:00,71060.0,70574.82453,71430.78,71430.78,tp,bsl
long,2026-03-07 10:35:00+00:00,2026-03-07 11:10:00+00:00,67980.01,67653.25902,68102.73,68102.73,tp,bsl
long,2026-03-07 21:55:00+00:00,2026-03-08 02:50:00+00:00,67452.98,66848.34474,67483.05,66848.34474,sl,bsl
short,2026-03-08 05:30:00+00:00,2026-03-08 08:40:00+00:00,67104.01,67493.94652,66547.15,67493.94652,sl,ssl
short,2026-03-09 17:00:00+00:00,2026-03-09 17:25:00+00:00,68929.94,69549.48,68614.47,68614.47,tp,ssl
short,2026-03-11 00:30:00+00:00,2026-03-11 02:35:00+00:00,69893.41,70487.71729999999,69759.63,69759.63,tp,ssl
short,2026-03-11 11:20:00+00:00,2026-03-11 11:50:00+00:00,69523.38,69821.81206,69390.91,69390.91,tp,ssl
long,2026-03-12 07:15:00+00:00,2026-03-12 07:30:00+00:00,69530.69,69136.70409,69676.88,69676.88,tp,bsl
short,2026-03-12 20:10:00+00:00,2026-03-12 23:15:00+00:00,70400.0,70617.73719,69770.85,70617.73719,sl,ssl
short,2026-03-15 06:35:00+00:00,2026-03-15 09:00:00+00:00,71420.43,71872.48067999998,71264.78,71872.48067999998,sl,ssl
short,2026-03-16 07:15:00+00:00,2026-03-16 07:35:00+00:00,73755.25,74332.32807,73649.73,73649.73,tp,ssl
long,2026-03-16 12:15:00+00:00,2026-03-16 12:25:00+00:00,73698.25,73129.68711,73819.23,73819.23,tp,bsl
short,2026-03-19 06:20:00+00:00,2026-03-19 06:30:00+00:00,70818.32,70980.78988,70728.82,70728.82,tp,ssl
short,2026-03-19 16:05:00+00:00,2026-03-19 19:10:00+00:00,69267.33,70249.70953,68793.35,70249.70953,sl,ssl
short,2026-03-21 01:40:00+00:00,2026-03-21 01:55:00+00:00,70519.66,70994.67374999999,70467.36,70467.36,tp,ssl
long,2026-03-21 06:25:00+00:00,2026-03-21 07:25:00+00:00,70815.0,70546.43295,70834.46,70834.46,tp,bsl
short,2026-03-21 20:45:00+00:00,2026-03-21 21:50:00+00:00,70450.63,70604.91438,70324.7,70324.7,tp,ssl
short,2026-03-22 05:20:00+00:00,2026-03-22 06:00:00+00:00,69178.81,69658.37878999999,69123.13,69123.13,tp,ssl
short,2026-03-23 08:45:00+00:00,2026-03-23 08:55:00+00:00,68446.23,68973.32441999999,68406.81,68406.81,tp,ssl
short,2026-03-23 21:10:00+00:00,2026-03-23 22:30:00+00:00,70827.66,71317.25600999998,70559.03,70559.03,tp,ssl
long,2026-03-24 11:25:00+00:00,2026-03-24 11:40:00+00:00,71067.21,70780.91823000001,71289.17,71289.17,tp,bsl
short,2026-03-25 14:20:00+00:00,2026-03-25 15:05:00+00:00,71285.66,72098.11608999998,71105.43,71105.43,tp,ssl
long,2026-03-28 04:30:00+00:00,2026-03-28 07:55:00+00:00,66283.17,65866.15791,66520.46,66520.46,tp,bsl
long,2026-03-28 13:30:00+00:00,2026-03-28 13:40:00+00:00,66622.26,66058.2756,66757.3,66757.3,tp,bsl
short,2026-03-29 09:05:00+00:00,2026-03-29 09:30:00+00:00,66673.49,66938.87199999999,66556.78,66556.78,tp,ssl
short,2026-03-29 17:00:00+00:00,2026-03-29 17:10:00+00:00,66482.15,66797.3306,66435.75,66435.75,tp,ssl
short,2026-03-30 07:20:00+00:00,2026-03-30 08:05:00+00:00,67307.71,67867.79999999999,67227.88,67867.79999999999,sl,ssl
long,2026-03-30 09:45:00+00:00,2026-03-30 11:25:00+00:00,67572.3,67160.65212,67698.62,67698.62,tp,bsl
long,2026-03-30 14:10:00+00:00,2026-03-30 14:25:00+00:00,67678.92,67293.04959000001,68169.65,67293.04959000001,sl,bsl
long,2026-03-31 00:45:00+00:00,2026-03-31 01:20:00+00:00,67263.09,66353.37021,67465.2,67465.2,tp,bsl
short,2026-03-31 04:25:00+00:00,2026-03-31 08:35:00+00:00,67599.83,68164.96686999999,67050.0,67050.0,tp,ssl
short,2026-03-31 08:35:00+00:00,2026-03-31 09:15:00+00:00,67044.12,67848.12034,66544.51,66544.51,tp,ssl
short,2026-04-01 01:30:00+00:00,2026-04-01 01:35:00+00:00,67940.03,68439.4711,67853.3,67853.3,tp,ssl
long,2026-04-03 05:30:00+00:00,2026-04-03 07:10:00+00:00,66721.83,66215.718,66905.61,66905.61,tp,bsl
short,2026-04-06 08:15:00+00:00,2026-04-06 09:10:00+00:00,69152.24,69423.61425999999,69081.88,69423.61425999999,sl,ssl
short,2026-04-06 19:00:00+00:00,2026-04-06 19:05:00+00:00,69755.13,70421.81146,69704.01,69704.01,tp,ssl
long,2026-04-07 13:50:00+00:00,2026-04-07 14:05:00+00:00,68439.54,68011.92,68591.27,68011.92,sl,bsl
short,2026-04-07 16:50:00+00:00,2026-04-07 17:35:00+00:00,68247.8,68702.50386999999,68085.01,68702.50386999999,sl,ssl
short,2026-04-08 22:40:00+00:00,2026-04-08 22:55:00+00:00,71239.86,72035.90393999999,71089.03,71089.03,tp,ssl
long,2026-04-09 08:20:00+00:00,2026-04-09 08:30:00+00:00,71017.59,70618.69062000001,71040.2,71040.2,tp,bsl
long,2026-04-09 21:40:00+00:00,2026-04-09 22:15:00+00:00,72450.53,71657.93034,72700.0,72700.0,tp,bsl
short,2026-04-10 01:45:00+00:00,2026-04-10 07:40:00+00:00,72226.51,73218.14499999999,71673.48,71673.48,tp,ssl
short,2026-04-13 06:55:00+00:00,2026-04-13 07:00:00+00:00,71017.66,71226.57542,70998.46,70998.46,tp,ssl
long,2026-04-13 12:50:00+00:00,2026-04-13 13:45:00+00:00,71208.05,70617.59172,71271.78,71271.78,tp,bsl
short,2026-04-15 10:50:00+00:00,2026-04-15 15:30:00+00:00,74000.88,74508.434,73789.5,73789.5,tp,ssl
long,2026-04-16 04:35:00+00:00,2026-04-16 04:40:00+00:00,75033.79,74379.63591,75159.26,75159.26,tp,bsl
short,2026-04-16 22:10:00+00:00,2026-04-16 22:15:00+00:00,74971.1,75610.29475999999,74902.86,74902.86,tp,ssl
short,2026-04-18 05:15:00+00:00,2026-04-18 08:10:00+00:00,77186.94,77497.50008,76884.1,76884.1,tp,ssl
short,2026-04-18 14:20:00+00:00,2026-04-18 16:15:00+00:00,76024.0,76376.29999999999,75797.53,75797.53,tp,ssl
long,2026-04-19 15:45:00+00:00,2026-04-19 16:55:00+00:00,75847.99,75356.63793000001,76155.3,75356.63793000001,sl,bsl
short,2026-04-21 01:35:00+00:00,2026-04-21 01:50:00+00:00,76024.72,76433.5572,75987.94,75987.94,tp,ssl
short,2026-04-21 04:30:00+00:00,2026-04-21 08:20:00+00:00,75623.2,76339.66339999999,75600.0,76339.66339999999,sl,ssl
short,2026-04-24 10:30:00+00:00,2026-04-24 11:05:00+00:00,77638.33,78077.99999999999,77444.95,78077.99999999999,sl,ssl
short,2026-04-25 01:20:00+00:00,2026-04-25 10:25:00+00:00,77496.59,77834.89713999999,77309.92,77834.89713999999,sl,ssl
long,2026-04-26 08:50:00+00:00,2026-04-26 12:45:00+00:00,78051.65,77821.55055,78210.0,77821.55055,sl,bsl
long,2026-04-26 16:50:00+00:00,2026-04-26 17:00:00+00:00,78032.82,77899.90212,78086.47,77899.90212,sl,bsl
long,2026-04-26 19:50:00+00:00,2026-04-26 21:50:00+00:00,78264.01,77772.15,78500.0,78500.0,tp,bsl
short,2026-04-27 21:40:00+00:00,2026-04-27 21:45:00+00:00,76897.52,77144.86779999999,76853.43,76853.43,tp,ssl
long,2026-04-28 08:55:00+00:00,2026-04-28 11:15:00+00:00,76858.59,76348.4751,77013.63,76348.4751,sl,bsl
long,2026-04-29 00:35:00+00:00,2026-04-29 00:40:00+00:00,76350.53,76120.82298,76385.28,76385.28,tp,bsl
short,2026-04-30 11:20:00+00:00,2026-04-30 11:40:00+00:00,76095.0,76415.71938,75999.9,75999.9,tp,ssl
long,2026-04-30 14:45:00+00:00,2026-04-30 15:30:00+00:00,76385.0,75800.41371,76557.97,76557.97,tp,bsl
long,2026-04-30 20:10:00+00:00,2026-04-30 20:20:00+00:00,76447.85,76034.889,76514.8,76514.8,tp,bsl
long,2026-05-02 03:15:00+00:00,2026-05-02 03:35:00+00:00,78299.57,77965.23672,78513.7,78513.7,tp,bsl
short,2026-05-03 18:10:00+00:00,2026-05-03 20:20:00+00:00,78672.47,78894.00519,78558.65,78894.00519,sl,ssl
short,2026-05-05 00:20:00+00:00,2026-05-05 02:00:00+00:00,79875.47,80477.58718999999,79744.91,80477.58718999999,sl,ssl
long,2026-05-05 19:15:00+00:00,2026-05-05 19:20:00+00:00,81552.49,80858.93013,81560.0,81560.0,tp,bsl
short,2026-05-06 02:00:00+00:00,2026-05-06 08:30:00+00:00,81303.95,81873.27147999998,80731.14,81873.27147999998,sl,ssl
long,2026-05-08 17:15:00+00:00,2026-05-08 17:30:00+00:00,80021.29,79545.375,80047.0,80047.0,tp,bsl
short,2026-05-08 21:30:00+00:00,2026-05-08 22:10:00+00:00,80187.07,80380.28998999999,80089.76,80380.28998999999,sl,ssl
long,2026-05-09 10:00:00+00:00,2026-05-09 15:30:00+00:00,80254.0,80054.865,80452.44,80452.44,tp,bsl
short,2026-05-09 21:20:00+00:00,2026-05-09 21:45:00+00:00,80805.5,81161.07999999999,80744.98,80744.98,tp,ssl
short,2026-05-09 23:05:00+00:00,2026-05-09 23:25:00+00:00,80714.91,81038.95799999998,80670.01,80670.01,tp,ssl
short,2026-05-10 07:10:00+00:00,2026-05-10 11:00:00+00:00,80727.19,80920.84,80658.97,80920.84,sl,ssl
short,2026-05-11 22:55:00+00:00,2026-05-11 23:05:00+00:00,81833.92,82051.95999,81729.99,81729.99,tp,ssl
short,2026-05-13 00:45:00+00:00,2026-05-13 01:10:00+00:00,80692.89,80872.73194,80412.15,80872.73194,sl,ssl
short,2026-05-14 22:50:00+00:00,2026-05-14 23:00:00+00:00,81462.01,82031.09914999998,81335.48,81335.48,tp,ssl
short,2026-05-15 22:50:00+00:00,2026-05-16 04:30:00+00:00,79088.55,79279.2,79003.67,79003.67,tp,ssl
short,2026-05-16 12:55:00+00:00,2026-05-16 13:10:00+00:00,78007.23,78272.07388,77918.62,77918.62,tp,ssl
long,2026-05-16 20:15:00+00:00,2026-05-17 00:55:00+00:00,78311.69,78064.84701000001,78327.75,78064.84701000001,sl,bsl
short,2026-05-17 06:15:00+00:00,2026-05-17 06:20:00+00:00,78162.7,78345.72746,78102.42,78102.42,tp,ssl
short,2026-05-17 12:45:00+00:00,2026-05-17 12:55:00+00:00,78396.43,78678.58999,78352.0,78352.0,tp,ssl
long,2026-05-18 08:50:00+00:00,2026-05-18 11:40:00+00:00,77018.14,76506.74667000001,77181.88,77181.88,tp,bsl
long,2026-05-18 18:30:00+00:00,2026-05-18 19:00:00+00:00,76388.78,76141.782,76757.21,76757.21,tp,bsl
long,2026-05-19 04:30:00+00:00,2026-05-19 05:40:00+00:00,76811.73,76411.34217,76943.75,76943.75,tp,bsl
short,2026-05-20 14:35:00+00:00,2026-05-20 15:15:00+00:00,77300.06,77825.79805,76891.61,77825.79805,sl,ssl
short,2026-05-21 15:30:00+00:00,2026-05-21 17:10:00+00:00,77110.69,77440.68332,76900.0,77440.68332,sl,ssl
long,2026-05-22 11:00:00+00:00,2026-05-22 11:45:00+00:00,77333.93,77122.8,77363.01,77363.01,tp,bsl
long,2026-05-24 02:30:00+00:00,2026-05-24 03:10:00+00:00,76808.0,76552.39098000001,76968.04,76968.04,tp,bsl
short,2026-05-24 06:15:00+00:00,2026-05-24 10:25:00+00:00,76796.62,77088.63161999999,76651.59,77088.63161999999,sl,ssl
short,2026-05-26 00:00:00+00:00,2026-05-26 00:35:00+00:00,77262.23,77527.38994,77072.36,77072.36,tp,ssl
long,2026-05-26 07:20:00+00:00,2026-05-26 10:25:00+00:00,76689.99,76530.18320999999,77059.74,77059.74,tp,bsl
long,2026-05-26 20:40:00+00:00,2026-05-26 22:45:00+00:00,76075.66,75703.52070000001,76180.0,75703.52070000001,sl,bsl
long,2026-05-27 01:45:00+00:00,2026-05-27 04:15:00+00:00,75970.08,75602.29203,76104.02,75602.29203,sl,bsl
short,2026-05-27 05:30:00+00:00,2026-05-27 05:40:00+00:00,75629.96,76042.87690999999,75591.94,75591.94,tp,ssl
long,2026-05-28 19:20:00+00:00,2026-05-28 20:05:00+00:00,73512.82,73242.99369,73736.11,73242.99369,sl,bsl
long,2026-05-29 02:10:00+00:00,2026-05-29 02:15:00+00:00,73623.19,73375.10145,73640.0,73640.0,tp,bsl
short,2026-05-29 05:20:00+00:00,2026-05-29 06:15:00+00:00,73552.02,73720.32667999998,73210.21,73720.32667999998,sl,ssl
long,2026-05-29 18:05:00+00:00,2026-05-29 18:50:00+00:00,74043.03,73492.16427,74324.0,73492.16427,sl,bsl
long,2026-05-30 11:35:00+00:00,2026-05-30 12:20:00+00:00,73616.0,73426.51998,73658.19,73658.19,tp,bsl
short,2026-05-31 00:35:00+00:00,2026-05-31 01:10:00+00:00,73952.0,74128.05399999999,73781.3,74128.05399999999,sl,ssl
long,2026-05-31 13:55:00+00:00,2026-05-31 14:15:00+00:00,73872.8,73625.5008,74023.99,73625.5008,sl,bsl
short,2026-06-04 16:50:00+00:00,2026-06-04 17:00:00+00:00,63664.01,64468.403999999995,63456.0,63456.0,tp,ssl
short,2026-06-06 05:30:00+00:00,2026-06-06 06:00:00+00:00,60615.54,61237.17599999999,59621.22,61237.17599999999,sl,ssl
long,2026-06-06 11:45:00+00:00,2026-06-07 01:05:00+00:00,60890.01,59440.5,61322.0,61322.0,tp,bsl
long,2026-06-09 20:10:00+00:00,2026-06-10 00:35:00+00:00,62212.72,61540.398,62540.0,61540.398,sl,bsl
long,2026-06-11 22:50:00+00:00,2026-06-11 23:40:00+00:00,63539.99,63206.73,63639.92,63639.92,tp,bsl
short,2026-06-12 08:40:00+00:00,2026-06-12 09:30:00+00:00,63395.0,63927.84398,63008.0,63927.84398,sl,ssl
short,2026-06-12 18:50:00+00:00,2026-06-12 18:55:00+00:00,63800.4,64175.21109999999,63686.0,63686.0,tp,ssl
long,2026-06-14 03:15:00+00:00,2026-06-14 05:25:00+00:00,64518.0,64316.319299999996,64636.0,64316.319299999996,sl,bsl
short,2026-06-15 08:50:00+00:00,2026-06-15 09:30:00+00:00,65664.01,66066.0,65620.0,65620.0,tp,ssl
long,2026-06-15 17:15:00+00:00,2026-06-15 22:25:00+00:00,66901.6,66185.32842,67268.0,66185.32842,sl,bsl
long,2026-06-16 05:10:00+00:00,2026-06-16 06:25:00+00:00,66026.0,65584.35,66301.83,66301.83,tp,bsl
short,2026-06-16 19:50:00+00:00,2026-06-17 01:20:00+00:00,65602.0,66314.93869,65560.0,65560.0,tp,ssl
short,2026-06-17 04:10:00+00:00,2026-06-17 05:15:00+00:00,65839.34,66266.2,65770.0,65770.0,tp,ssl
long,2026-06-17 14:50:00+00:00,2026-06-17 15:35:00+00:00,65266.18,64525.93947,65461.38,65461.38,tp,bsl
short,2026-06-18 14:10:00+00:00,2026-06-18 14:50:00+00:00,63780.0,64509.63518999999,63696.29,63696.29,tp,ssl
long,2026-06-21 05:20:00+00:00,2026-06-21 08:05:00+00:00,64287.79,64151.83395,64588.0,64151.83395,sl,bsl
short,2026-06-21 08:05:00+00:00,2026-06-21 08:30:00+00:00,64119.52,64388.31398999999,63978.12,63978.12,tp,ssl
long,2026-06-21 19:45:00+00:00,2026-06-21 20:05:00+00:00,64226.43,63869.53653,64240.0,64240.0,tp,bsl
long,2026-06-24 08:20:00+00:00,2026-06-24 08:30:00+00:00,62698.0,62399.40813,62733.23,62733.23,tp,bsl
short,2026-06-25 03:10:00+00:00,2026-06-25 03:15:00+00:00,60760.8,61048.98799999999,60700.01,60700.01,tp,ssl
short,2026-06-25 09:15:00+00:00,2026-06-25 09:20:00+00:00,61737.42,62024.3624,61680.92,61680.92,tp,ssl
short,2026-06-28 13:55:00+00:00,2026-06-28 14:05:00+00:00,60071.88,60517.47701999999,60045.32,60045.32,tp,ssl
long,2026-06-29 08:45:00+00:00,2026-06-29 10:00:00+00:00,59915.5,59332.62798,60135.92,60135.92,tp,bsl
short,2026-06-29 16:10:00+00:00,2026-06-30 12:00:00+00:00,59732.01,60841.350569999995,59097.58,59097.58,tp,ssl
short,2026-07-01 11:30:00+00:00,2026-07-01 11:50:00+00:00,58655.9,59151.08198999999,58588.0,58588.0,tp,ssl
long,2026-07-02 23:45:00+00:00,2026-07-03 00:30:00+00:00,61559.15,61280.658,61606.0,61280.658,sl,bsl
long,2026-07-03 02:50:00+00:00,2026-07-03 05:25:00+00:00,61430.49,61187.61114,61664.62,61664.62,tp,bsl
long,2026-07-03 08:40:00+00:00,2026-07-03 09:00:00+00:00,61872.01,61550.388,61900.29,61550.388,sl,bsl
short,2026-07-03 19:05:00+00:00,2026-07-03 20:05:00+00:00,62188.08,62354.802509999994,62138.0,62354.802509999994,sl,ssl
short,2026-07-04 03:05:00+00:00,2026-07-04 06:20:00+00:00,62510.93,63008.945999999996,62432.0,62432.0,tp,ssl
short,2026-07-04 06:20:00+00:00,2026-07-04 15:05:00+00:00,62352.01,62812.71996999999,62186.01,62812.71996999999,sl,ssl
short,2026-07-04 22:50:00+00:00,2026-07-04 23:00:00+00:00,63192.02,63511.44799999999,63155.37,63155.37,tp,ssl
long,2026-07-05 20:40:00+00:00,2026-07-05 21:15:00+00:00,62741.99,62527.42997999999,62836.01,62836.01,tp,bsl
short,2026-07-07 06:05:00+00:00,2026-07-07 06:50:00+00:00,63074.02,63351.61833,62800.0,63351.61833,sl,ssl
short,2026-07-09 00:50:00+00:00,2026-07-09 01:05:00+00:00,62083.99,62408.94659999999,62043.59,62408.94659999999,sl,ssl
short,2026-07-09 13:30:00+00:00,2026-07-09 13:50:00+00:00,62638.04,63120.03698,62465.39,63120.03698,sl,ssl
long,2026-07-09 15:45:00+00:00,2026-07-09 18:05:00+00:00,63027.46,62402.92461,63261.0,63261.0,tp,bsl
long,2026-07-10 07:10:00+00:00,2026-07-10 08:15:00+00:00,63916.0,63758.9772,64200.0,64200.0,tp,bsl
long,2026-07-10 22:25:00+00:00,2026-07-10 23:40:00+00:00,64132.07,63592.344,64220.0,64220.0,tp,bsl
long,2026-07-11 13:20:00+00:00,2026-07-11 13:30:00+00:00,64199.24,64065.86001,64228.0,64228.0,tp,bsl
short,2026-07-13 01:45:00+00:00,2026-07-13 01:55:00+00:00,63602.01,64489.424999999996,63542.33,63542.33,tp,ssl
long,2026-07-13 19:30:00+00:00,2026-07-13 19:50:00+00:00,62140.06,61763.14503,62184.56,62184.56,tp,bsl
long,2026-07-14 02:30:00+00:00,2026-07-14 02:45:00+00:00,62421.21,62227.6101,62616.0,62616.0,tp,bsl
short,2026-07-14 18:50:00+00:00,2026-07-14 20:05:00+00:00,64566.0,64961.756859999994,64477.23,64477.23,tp,ssl
long,2026-07-15 01:55:00+00:00,2026-07-15 04:10:00+00:00,64674.35,64355.570009999996,64853.08,64853.08,tp,bsl
short,2026-07-15 22:40:00+00:00,2026-07-15 23:40:00+00:00,64880.0,65120.44538999999,64772.0,64772.0,tp,ssl
long,2026-07-16 12:25:00+00:00,2026-07-16 12:40:00+00:00,64184.23,63955.00098,64269.42,63955.00098,sl,bsl
long,2026-07-17 21:45:00+00:00,2026-07-18 12:05:00+00:00,64105.11,63830.106,64216.61,64216.61,tp,bsl
short,2026-07-19 04:50:00+00:00,2026-07-19 09:15:00+00:00,64715.01,65032.217249999994,64610.89,64610.89,tp,ssl
short,2026-07-19 21:05:00+00:00,2026-07-19 21:20:00+00:00,64518.18,64816.75199999999,64480.94,64480.94,tp,ssl
long,2026-07-20 14:00:00+00:00,2026-07-20 15:05:00+00:00,64427.9,63036.9,64761.62,64761.62,tp,bsl
short,2026-07-20 21:25:00+00:00,2026-07-20 21:55:00+00:00,65308.56,65864.799,65286.78,65286.78,tp,ssl
short,2026-07-21 20:10:00+00:00,2026-07-21 21:00:00+00:00,66420.17,66572.49599,66359.3,66359.3,tp,ssl
long,2026-07-22 02:10:00+00:00,2026-07-22 02:15:00+00:00,66466.0,66162.32145,66511.36,66511.36,tp,bsl
long,2026-07-25 03:55:00+00:00,2026-07-25 04:00:00+00:00,64085.36,63952.633350000004,64105.61,64105.61,tp,bsl
long,2026-07-26 00:05:00+00:00,2026-07-26 00:20:00+00:00,64422.79,64198.76697,64446.71,64446.71,tp,bsl
