side,entry_time,exit_time,entry,sl,tp,exit,reason,tp_source,planned_rr
long,2025-07-27 10:15:00+00:00,2025-07-27 16:20:00+00:00,118158.62,117766.58725000001,119334.71824999995,119334.71824999995,tp,rr,3.0
long,2025-07-31 09:25:00+00:00,2025-07-31 13:15:00+00:00,118533.46,118228.48618500002,119701.07,118228.48618500002,sl,bsl,3.828558199332745
short,2025-08-02 11:50:00+00:00,2025-08-02 17:50:00+00:00,113747.52,114120.521745,112628.514765,112628.514765,tp,rr,3.0
long,2025-08-04 11:55:00+00:00,2025-08-04 19:55:00+00:00,114493.09,114091.50571000001,115831.28,114777.62,time,bsl,3.3322767680978123
long,2025-08-09 07:05:00+00:00,2025-08-09 15:05:00+00:00,116669.38,116240.980435,117954.578695,116969.2,time,rr,3.0
short,2025-08-11 11:25:00+00:00,2025-08-11 19:25:00+00:00,120507.11,122396.32758,114839.45726000001,119481.48,time,rr,3.0
long,2025-08-16 15:45:00+00:00,2025-08-16 23:45:00+00:00,117696.99,117085.40801,121183.06,117427.3,time,bsl,5.70008609965764
long,2025-08-17 15:55:00+00:00,2025-08-17 16:15:00+00:00,118246.16,118000.09044,119130.77,118000.09044,sl,bsl,3.5949590839272756
short,2025-08-24 12:00:00+00:00,2025-08-24 19:35:00+00:00,114712.99,115118.520495,111932.28,111932.28,tp,ssl,6.856968919193149
short,2025-08-27 07:00:00+00:00,2025-08-27 14:30:00+00:00,111027.97,112427.18549999999,106830.32350000003,112427.18549999999,sl,rr,3.0
short,2025-09-04 07:00:00+00:00,2025-09-04 15:00:00+00:00,110424.18,112236.09,104988.44999999998,109739.42,time,rr,3.0
long,2025-09-12 15:15:00+00:00,2025-09-12 19:50:00+00:00,115149.06,114683.61950500001,116545.38148499996,116545.38148499996,tp,rr,3.0
long,2025-09-18 10:15:00+00:00,2025-09-18 18:15:00+00:00,117291.0,116829.57599000001,118675.27202999996,117789.86,time,rr,3.0
short,2025-09-23 13:40:00+00:00,2025-09-23 21:40:00+00:00,112796.0,113338.14074999999,111169.57775000003,112202.24,time,rr,3.0
short,2025-09-26 13:05:00+00:00,2025-09-26 13:55:00+00:00,109265.76,109745.82548999999,107825.56353000001,109745.82548999999,sl,rr,3.0
long,2025-10-01 08:10:00+00:00,2025-10-01 08:45:00+00:00,114577.85,114039.53171000001,116192.80486999999,116192.80486999999,tp,rr,3.0
long,2025-10-02 11:15:00+00:00,2025-10-02 16:00:00+00:00,118647.31,118220.170345,119928.72896499997,119928.72896499997,tp,rr,3.0
short,2025-10-07 09:40:00+00:00,2025-10-07 12:45:00+00:00,124096.42,124716.79723499999,122136.0,124716.79723499999,sl,ssl,3.160045032922624
short,2025-10-10 08:35:00+00:00,2025-10-10 13:00:00+00:00,121266.48,121815.21716999999,119620.26849000002,121815.21716999999,sl,rr,3.0
long,2025-10-16 13:30:00+00:00,2025-10-16 15:40:00+00:00,111364.0,109580.332425,116715.002725,109580.332425,sl,rr,3.0
long,2025-10-20 07:00:00+00:00,2025-10-20 15:00:00+00:00,111260.16,107348.81874000002,122994.18377999996,111287.1,time,rr,3.0
short,2025-10-21 07:00:00+00:00,2025-10-21 14:55:00+00:00,107829.91,111327.636,97336.73200000002,111327.636,sl,rr,3.0
short,2025-10-22 07:00:00+00:00,2025-10-22 13:55:00+00:00,107941.28,108732.549105,105567.472685,108732.549105,sl,rr,3.0
short,2025-10-28 07:30:00+00:00,2025-10-28 09:00:00+00:00,114126.41,114604.4736,112189.33,114604.4736,sl,ssl,4.051929492226612
long,2025-10-29 07:20:00+00:00,2025-10-29 15:20:00+00:00,113423.82,112043.95000000001,117563.43,112397.67,time,rr,3.0
short,2025-11-01 13:35:00+00:00,2025-11-01 15:05:00+00:00,109927.78,110326.03544999998,108635.0,110326.03544999998,sl,ssl,3.246107492063338
long,2025-11-09 11:00:00+00:00,2025-11-09 18:45:00+00:00,102068.28,101349.3,104225.21999999999,104225.21999999999,tp,rr,3.0
short,2025-11-22 11:55:00+00:00,2025-11-22 16:45:00+00:00,84098.94,84841.93976999998,80600.0,84841.93976999998,sl,ssl,4.709207379700931
long,2025-11-28 11:55:00+00:00,2025-11-28 17:15:00+00:00,91437.64,90821.996285,93284.571145,90821.996285,sl,rr,3.0
short,2025-11-29 07:00:00+00:00,2025-11-29 15:00:00+00:00,90652.93,91165.549995,87499.81,90644.67,time,ssl,6.150989096708937
short,2025-12-01 11:15:00+00:00,2025-12-01 12:45:00+00:00,86455.28,86981.47900499999,84876.68298500004,84876.68298500004,tp,rr,3.0
long,2025-12-04 10:55:00+00:00,2025-12-04 13:00:00+00:00,93260.0,92728.6125,94854.16249999999,92728.6125,sl,rr,3.0
short,2025-12-06 10:25:00+00:00,2025-12-06 14:15:00+00:00,89534.97,89809.072095,88056.0,89809.072095,sl,ssl,5.395690244542019
long,2025-12-09 11:55:00+00:00,2025-12-09 16:00:00+00:00,90384.55,89455.25,93172.45000000001,93172.45000000001,tp,rr,3.0
long,2025-12-12 11:50:00+00:00,2025-12-12 14:30:00+00:00,92384.73,91998.7776,93555.0,91998.7776,sl,bsl,3.032161478980362
long,2025-12-20 07:50:00+00:00,2025-12-20 13:15:00+00:00,88231.6,88079.008465,88882.55,88079.008465,sl,bsl,4.265964032670612
long,2025-12-25 07:25:00+00:00,2025-12-25 08:20:00+00:00,87809.95,87617.33941500001,88755.24,87617.33941500001,sl,bsl,4.907778043455238
short,2026-01-10 09:30:00+00:00,2026-01-10 10:50:00+00:00,90630.09,90827.62111499999,89850.0,90827.62111499999,sl,ssl,3.9492006107495183
long,2026-01-14 09:45:00+00:00,2026-01-14 14:50:00+00:00,95044.35,94512.00036,96641.39892,96641.39892,tp,rr,3.0
short,2026-01-19 13:45:00+00:00,2026-01-19 16:50:00+00:00,93046.71,93363.94864499998,91910.2,93363.94864499998,sl,ssl,3.582508051628124
short,2026-01-22 08:10:00+00:00,2026-01-22 16:10:00+00:00,89770.01,90405.169995,87263.53,88843.79,time,ssl,3.9462183067747523
long,2026-01-28 07:40:00+00:00,2026-01-28 15:40:00+00:00,89250.99,88795.58,90617.22000000002,89500.01,time,rr,3.0
short,2026-01-29 11:15:00+00:00,2026-01-29 15:05:00+00:00,87946.88,88544.25,86154.77000000002,86154.77000000002,tp,rr,3.0
short,2026-02-01 13:50:00+00:00,2026-02-01 21:50:00+00:00,78359.6,79260.33035999999,75657.40892000005,76606.73,time,rr,3.0
short,2026-02-15 12:45:00+00:00,2026-02-15 20:45:00+00:00,69988.3,71018.49149999999,66867.47,68452.05,time,ssl,3.029368811526831
short,2026-02-17 07:00:00+00:00,2026-02-17 15:00:00+00:00,68384.36,69276.12075,65709.07775,67098.03,time,rr,3.0
long,2026-02-21 12:35:00+00:00,2026-02-21 20:35:00+00:00,68026.57,67715.715205,68959.13438500003,68431.39,time,rr,3.0
short,2026-02-23 15:50:00+00:00,2026-02-23 23:50:00+00:00,65655.14,66544.76575499999,62986.26273500004,64574.16,time,rr,3.0
long,2026-02-27 07:05:00+00:00,2026-02-27 10:10:00+00:00,67688.87,66851.55750000001,70200.80749999995,66851.55750000001,sl,rr,3.0
long,2026-03-01 07:10:00+00:00,2026-03-01 15:10:00+00:00,67016.21,66009.69864,70035.74408000002,67115.18,time,rr,3.0
long,2026-03-05 14:10:00+00:00,2026-03-05 15:10:00+00:00,72613.91,71721.291415,75291.76575500001,71721.291415,sl,rr,3.0
short,2026-03-06 11:00:00+00:00,2026-03-06 17:35:00+00:00,70458.44,71228.35638,68048.63,68048.63,tp,ssl,3.129963282506099
long,2026-03-12 14:00:00+00:00,2026-03-12 14:40:00+00:00,70257.4,69545.21,72393.96999999996,69545.21,sl,rr,3.0
short,2026-03-18 09:50:00+00:00,2026-03-18 12:30:00+00:00,74125.39,74709.67616999999,72368.08,72368.08,tp,ssl,3.0076186810994026
short,2026-03-20 12:45:00+00:00,2026-03-20 20:45:00+00:00,70336.18,71402.6835,67136.66949999997,70044.61,time,rr,3.0
long,2026-03-25 12:35:00+00:00,2026-03-25 15:10:00+00:00,71395.42,70764.6,73287.87999999998,70764.6,sl,rr,3.0
short,2026-04-05 11:25:00+00:00,2026-04-05 15:25:00+00:00,67010.16,67222.10425499998,66282.0,67222.10425499998,sl,ssl,3.4356203710266695
short,2026-04-10 07:00:00+00:00,2026-04-10 15:00:00+00:00,71775.47,73181.5725,67557.16250000002,72904.97,time,rr,3.0
short,2026-04-11 07:05:00+00:00,2026-04-11 15:05:00+00:00,72755.78,73131.43744499999,71500.0,72689.02,time,ssl,3.342885963567241
short,2026-04-16 07:50:00+00:00,2026-04-16 15:50:00+00:00,74648.4,75462.7125,72053.78,74622.36,time,ssl,3.1862706270627004
short,2026-04-19 11:20:00+00:00,2026-04-19 13:15:00+00:00,75400.45,75820.521315,73912.23,75820.521315,sl,ssl,3.5427793968744847
long,2026-04-22 09:40:00+00:00,2026-04-22 15:30:00+00:00,78145.72,77786.08750000001,79224.61749999998,79224.61749999998,tp,rr,3.0
short,2026-04-28 07:00:00+00:00,2026-04-28 15:00:00+00:00,76672.88,77192.57699999999,75113.78900000005,76026.87,time,rr,3.0
long,2026-05-09 14:40:00+00:00,2026-05-09 22:40:00+00:00,80336.16,80126.17687,81180.0,80817.05,time,bsl,4.018608542505129
short,2026-05-11 07:00:00+00:00,2026-05-11 15:00:00+00:00,80750.0,82520.55966,75438.32102,80909.99,time,rr,3.0
short,2026-05-13 07:35:00+00:00,2026-05-13 13:45:00+00:00,80910.18,81340.639995,79618.80001499996,79618.80001499996,tp,rr,3.0
long,2026-05-14 14:10:00+00:00,2026-05-14 22:10:00+00:00,79958.28,78882.539,83185.50299999998,81500.71,time,rr,3.0
short,2026-05-30 07:00:00+00:00,2026-05-30 13:55:00+00:00,73536.18,73833.32821499999,72512.49,73833.32821499999,sl,ssl,3.4450484583930923
short,2026-06-05 08:50:00+00:00,2026-06-05 16:50:00+00:00,62391.38,63719.844,58405.988,61385.33,time,rr,3.0
short,2026-06-06 07:00:00+00:00,2026-06-06 15:00:00+00:00,60766.01,62031.0,56971.04000000001,60628.81,time,rr,3.0
long,2026-06-12 13:15:00+00:00,2026-06-12 21:15:00+00:00,63503.04,62798.395095,65616.974715,63602.0,time,rr,3.0
short,2026-06-14 09:15:00+00:00,2026-06-14 09:50:00+00:00,64322.24,64595.76174,63493.17,64595.76174,sl,ssl,3.0310936161783273
short,2026-06-14 13:15:00+00:00,2026-06-14 21:15:00+00:00,64328.01,64696.331999999995,63045.29,64696.331999999995,sl,ssl,3.4826048946303128
long,2026-06-16 08:25:00+00:00,2026-06-16 14:20:00+00:00,66554.96,65617.175,69368.31500000002,65617.175,sl,rr,3.0
long,2026-06-17 15:20:00+00:00,2026-06-17 19:25:00+00:00,65366.0,64532.717500000006,67865.84749999997,64532.717500000006,sl,rr,2.999999999999991
long,2026-06-20 07:10:00+00:00,2026-06-20 13:25:00+00:00,63661.84,63288.47993,64806.0,63288.47993,sl,bsl,3.0644948186345107
short,2026-06-28 14:50:00+00:00,2026-06-28 22:50:00+00:00,60026.2,60487.24850999999,58500.1,59016.0,time,ssl,3.3100638368835003
long,2026-06-29 09:10:00+00:00,2026-06-29 13:45:00+00:00,59948.0,59362.32399,61705.02803000001,59362.32399,sl,rr,3.0
long,2026-07-04 13:55:00+00:00,2026-07-04 17:45:00+00:00,62588.84,62384.662065000004,63201.373804999974,63201.373804999974,tp,rr,3.0
long,2026-07-09 14:55:00+00:00,2026-07-09 22:55:00+00:00,63016.0,62434.157305,64761.528085,63218.78,time,rr,3.0
long,2026-07-11 12:10:00+00:00,2026-07-11 15:35:00+00:00,64214.25,64119.924000000006,64692.83,64119.924000000006,sl,bsl,5.073680639484701
long,2026-07-12 13:00:00+00:00,2026-07-12 21:00:00+00:00,64047.66,63732.118,64994.28600000001,64228.89,time,rr,3.0
