symbol,year,energy_type,qty,amount_mrial,avg_rate,n
ارفع,1401,آب,144180.0,47638.0,247804.25,4
ارفع,1401,برق,250769137.0,2126713.0,2272712.5,6
ارفع,1401,گاز طبیعی,99511143.0,2216744.0,18492.5,6
ارفع,1402,آب,709834.0,300144.0,423954.2,10
ارفع,1402,برق,738874.0,4871505.0,6624313.6,10
ارفع,1402,گاز طبیعی,272767666.0,9798585.0,36427.8,10
ارفع,1403,آب,1548049.0,1950574.0,1345077.1666666667,12
ارفع,1403,برق,747311.0,12167585.0,16530790.583333334,12
ارفع,1403,گاز طبیعی,315414294.0,13486477.0,45572.083333333336,12
ارفع,1404,آب,2187419.0,8156854.0,3831557.5,12
ارفع,1404,برق,911938.0,35039403.0,40436778.083333336,12
ارفع,1404,گاز طبیعی,32452390.0,3147686.0,96994.0,1
ارفع,1405,آب,584331.0,3683640.0,6242947.333333333,3
ارفع,1405,برق,246861.0,12110484.0,48040765.666666664,3
فسبزوار,1401,گاز طبیعی,26243489.0,616304.0,22930.166666666668,6
فسبزوار,1402,گاز طبیعی,113653763.0,4715325.0,42168.333333333336,12
فسبزوار,1403,گاز طبیعی,205670418.0,9612345.0,48142.72727272727,11
فسبزوار,1404,آب,379011.0,306556.0,838021.5,6
فسبزوار,1404,برق,91236.0,3920548.0,41618570.0,11
فسبزوار,1404,گاز طبیعی,24814232.0,2283086.0,92007.0,1
فسبزوار,1405,آب,199504.0,147243.0,681209.0,3
فسبزوار,1405,برق,24924.0,1904910.0,73457028.66666667,3
فصبا,1400,برق,33087.0,149492.0,4515054.333333333,3
فصبا,1401,برق,142860.0,825880.0,5707534.333333333,12
فصبا,1402,برق,12347439.0,1053961.0,6301597.25,12
فصبا,1403,برق,115289.0,1849438.0,16302411.5,10
فصبا,1404,برق,173599.0,4042397.0,23578744.833333332,12
فصبا,1405,برق,37605.0,1225979.0,33166450.0,3
کاوه,1401,برق,692751.0,4500263.0,6605304.5,6
کاوه,1402,برق,1174343.0,8357558.0,7206439.5,10
کاوه,1403,برق,1221679.0,21130945.0,18236975.833333332,12
کاوه,1404,آب,5445926.0,2846644.0,531172.4166666666,12
کاوه,1404,برق,97126462.0,52205814.0,33857506.583333336,12
کاوه,1405,آب,1477173.0,1024927.0,693843.6666666666,3
کاوه,1405,برق,358747.0,26645476.0,66989565.666666664,3
کنور,1401,برق,34309.0,149120.0,4341576.0,6
کنور,1402,آب,822495.0,1511819.0,1817698.0,12
کنور,1402,برق,78989.0,432423.0,5296673.666666667,12
کنور,1403,آب,676168.0,971156.0,1436000.5454545454,11
کنور,1403,برق,82187.0,1418572.0,17467881.454545453,11
کنور,1404,آب,733079.0,1947892.0,2555190.272727273,11
کنور,1404,برق,85742.0,3587951.0,41656678.09090909,11
کنور,1405,آب,152238.0,534302.0,3402231.6666666665,3
کنور,1405,برق,22550.0,1151470.0,50408688.666666664,3
کچاد,1401,آب,4416228.0,2035321.0,950524.0,6
کچاد,1401,برق,816431.0,5700594.0,7045140.833333333,6
کچاد,1401,گاز طبیعی,240725120.0,5632864.0,23454.0,6
کچاد,1402,آب,9243753.0,2468999.0,254221.2,10
کچاد,1402,برق,1345580.0,11629274.0,8975743.3,10
کچاد,1402,گاز طبیعی,400400578.0,16626433.0,43777.4,10
کچاد,1403,آب,16107686.0,15861716.0,980964.3333333334,12
کچاد,1403,برق,1577576.0,14433244.0,9013546.583333334,12
کچاد,1403,گاز طبیعی,479633100.0,21485462.0,46987.416666666664,12
کچاد,1404,آب,17676160.0,27839735.0,1602192.6666666667,12
کچاد,1404,برق,1732644.0,10038325.0,5833039.833333333,12
کچاد,1404,گاز طبیعی,515527699.0,43102575.0,84044.25,12
کچاد,1405,آب,3648782.0,9702553.0,2640497.3333333335,3
کچاد,1405,برق,391293.0,2832986.0,7160225.0,3
کچاد,1405,گاز طبیعی,121015227.0,17654316.0,146578.66666666666,3
کگل,1401,آب,5167653.0,2902390.0,565266.8333333334,6
کگل,1401,برق,399144.0,2597777.0,6551731.5,6
کگل,1401,گاز طبیعی,63614954.0,1156887.0,18350.0,6
کگل,1402,آب,9511638.0,6805128.0,725060.2222222222,9
کگل,1402,برق,755301.0,5787935.0,7567593.444444444,9
کگل,1402,گاز طبیعی,93680720.0,2871934.0,26302.875,9
کگل,1403,آب,13026855.0,9848885.0,760775.0,11
کگل,1403,برق,997628.0,16436339.0,16559574.545454545,11
کگل,1403,گاز طبیعی,123672726.0,3948220.0,32769.90909090909,11
کگل,1404,آب,12595068.0,21156710.0,1718692.9166666667,12
کگل,1404,برق,1135007.0,25088794.0,22019599.333333332,12
کگل,1404,گاز طبیعی,131497143.0,9673840.0,73540.0,12
کگل,1405,آب,2618503.0,8784166.0,3399357.0,3
کگل,1405,برق,253243.0,8676297.0,33092024.666666668,3
کگل,1405,گاز طبیعی,31475771.0,3620122.0,115158.66666666667,3
کگهر,1401,برق,163109.0,1151994.0,7183654.0,6
کگهر,1401,گاز طبیعی,18765614.0,345699.0,16192.333333333334,6
کگهر,1402,برق,694301.0,11323672.0,21149729.545454547,11
کگهر,1402,گاز طبیعی,81308319.0,2061016.0,26777.81818181818,11
کگهر,1403,آب,1439970.0,1546099.0,1079689.0,5
کگهر,1403,برق,382682.0,11156651.0,29104712.0,11
کگهر,1403,گاز طبیعی,43330159.0,1741369.0,39493.0,11
کگهر,1404,آب,2666984.0,4130831.0,1592420.75,12
کگهر,1404,برق,418366.0,19150810.0,45743911.583333336,12
کگهر,1404,گاز طبیعی,46856658.0,3632738.0,76258.5,12
کگهر,1405,آب,699163.0,1173988.0,1669877.0,3
کگهر,1405,برق,98575.0,5190506.0,51102485.0,3
کگهر,1405,گاز طبیعی,11166689.0,1309873.0,117935.33333333333,3
